id, x, y, z, roll, pitch, yaw, mse, rmse, mae, mape
0,-14.81,61.55,2040.44,-175.57,-4.25,95.94,1.23,1.11,0.76,1.46
0,120.09,-117.37,2061.09,174.78,4.93,97.96,0.71,0.84,0.58,1.32
0,120.09,-117.37,2061.09,174.78,4.93,97.96,0.71,0.84,0.58,1.32
0,120.09,-117.37,2061.09,174.78,4.93,97.96,0.71,0.84,0.58,1.32
0,120.09,-117.37,2061.09,174.78,4.93,97.96,0.71,0.84,0.58,1.32
0,135.59,-129.46,1996.2,169.73,-10.9,96.35,2.16,1.47,0.89,2.12
0,175.01,-150.18,2051.0,172.8,1.17,99.04,0.88,0.94,0.63,1.23
0,175.01,-150.18,2051.0,172.8,1.17,99.04,0.88,0.94,0.63,1.23
0,175.01,-150.18,2051.0,172.8,1.17,99.04,0.88,0.94,0.63,1.23
0,175.01,-150.18,2051.0,172.8,1.17,99.04,0.88,0.94,0.63,1.23
0,175.01,-150.18,2051.0,172.8,1.17,99.04,0.88,0.94,0.63,1.23
0,175.01,-150.18,2051.0,172.8,1.17,99.04,0.88,0.94,0.63,1.23
0,174.52,-121.92,2045.83,166.03,-12.57,98.23,0.33,0.57,0.38,0.74
0,174.02,-117.71,2050.04,168.57,-3.28,97.93,0.52,0.72,0.55,1.09
0,174.02,-117.71,2050.04,168.57,-3.28,97.93,0.52,0.72,0.55,1.09
0,174.02,-117.71,2050.04,168.57,-3.28,97.93,0.52,0.72,0.55,1.09
0,174.02,-117.71,2050.04,168.57,-3.28,97.93,0.52,0.72,0.55,1.09
0,174.02,-117.71,2050.04,168.57,-3.28,97.93,0.52,0.72,0.55,1.09
0,174.41,-88.07,2044.74,162.16,-3.53,98.12,5.17,2.27,1.51,3.48
0,173.55,-85.41,2051.8,168.91,8.45,97.57,2.22,1.49,0.95,2.18
0,173.55,-85.41,2051.8,168.91,8.45,97.57,2.22,1.49,0.95,2.18
0,173.55,-85.41,2051.8,168.91,8.45,97.57,2.22,1.49,0.95,2.18
0,173.55,-85.41,2051.8,168.91,8.45,97.57,2.22,1.49,0.95,2.18
0,173.55,-85.41,2051.8,168.91,8.45,97.57,2.22,1.49,0.95,2.18
0,174.4,-58.99,2055.1,169.58,5.56,98.83,1.19,1.09,0.81,1.78
0,173.53,-56.2,2062.23,178.5,6.09,97.69,0.76,0.87,0.72,1.45
0,173.53,-56.2,2062.23,178.5,6.09,97.69,0.76,0.87,0.72,1.45
0,173.53,-56.2,2062.23,178.5,6.09,97.69,0.76,0.87,0.72,1.45
0,173.22,-47.32,2058.85,177.82,1.93,97.8,0.65,0.81,0.63,1.22
0,173.22,-47.32,2058.85,177.82,1.93,97.8,0.65,0.81,0.63,1.22
0,172.8,-23.68,2060.97,176.89,12.8,97.59,1.32,1.15,0.67,1.6
0,172.43,-16.23,2056.54,174.71,-4.6,96.65,1.52,1.23,0.97,1.9
0,172.43,-16.23,2056.54,174.71,-4.6,96.65,1.52,1.23,0.97,1.9
0,172.43,-16.23,2056.54,174.71,-4.6,96.65,1.52,1.23,0.97,1.9
0,172.43,-16.23,2056.54,174.71,-4.6,96.65,1.52,1.23,0.97,1.9
0,172.43,-16.23,2056.54,174.71,-4.6,96.65,1.52,1.23,0.97,1.9
0,172.72,8.89,2059.95,173.55,-3.33,97.28,1.04,1.02,0.66,1.29
0,172.58,16.22,2051.28,166.66,-4.91,97.49,1.02,1.01,0.74,1.42
0,172.58,16.22,2051.28,166.66,-4.91,97.49,1.02,1.01,0.74,1.42
0,172.58,16.22,2051.28,166.66,-4.91,97.49,1.02,1.01,0.74,1.42
0,172.58,16.22,2051.28,166.66,-4.91,97.49,1.02,1.01,0.74,1.42
0,172.58,16.22,2051.28,166.66,-4.91,97.49,1.02,1.01,0.74,1.42
0,171.45,38.76,2073.5,-172.93,3.95,96.27,0.56,0.75,0.59,1.14
0,171.98,41.68,2069.16,-176.9,2.91,96.63,1.19,1.09,0.84,1.66
0,171.98,41.68,2069.16,-176.9,2.91,96.63,1.19,1.09,0.84,1.66
0,171.98,41.68,2069.16,-176.9,2.91,96.63,1.19,1.09,0.84,1.66
0,171.98,41.68,2069.16,-176.9,2.91,96.63,1.19,1.09,0.84,1.66
0,171.98,41.68,2069.16,-176.9,2.91,96.63,1.19,1.09,0.84,1.66
0,171.67,68.27,2065.37,-173.91,-4.1,96.7,1.3,1.14,0.82,1.85
0,171.66,71.27,2065.38,179.64,-3.62,97.52,0.52,0.72,0.48,1.12
0,171.66,71.27,2065.38,179.64,-3.62,97.52,0.52,0.72,0.48,1.12
0,171.66,71.27,2065.38,179.64,-3.62,97.52,0.52,0.72,0.48,1.12
0,171.66,71.27,2065.38,179.64,-3.62,97.52,0.52,0.72,0.48,1.12
0,171.65,77.13,2064.98,175.87,-3.33,97.15,0.48,0.69,0.46,1.07
0,171.28,101.17,2071.42,-178.02,4.42,95.65,4.23,2.06,1.39,3.18
0,171.27,104.18,2071.44,-177.9,5.73,95.67,3.32,1.82,1.23,2.77
0,171.27,104.18,2071.44,-177.9,5.73,95.67,3.32,1.82,1.23,2.77
0,171.27,104.18,2071.44,-177.9,5.73,95.67,3.32,1.82,1.23,2.77
0,171.27,104.18,2071.44,-177.9,5.73,95.67,3.32,1.82,1.23,2.77
0,171.27,104.18,2071.44,-177.9,5.73,95.67,3.32,1.82,1.23,2.77
0,167.06,-36.1,2119.63,174.8,-2.81,96.61,2.91,1.71,1.3,2.42
0,167.06,-36.1,2119.63,174.8,-2.81,96.61,2.91,1.71,1.3,2.42
0,167.06,-36.1,2119.63,174.8,-2.81,96.61,2.91,1.71,1.3,2.42
0,167.06,-36.1,2119.63,174.8,-2.81,96.61,2.91,1.71,1.3,2.42
0,167.06,-36.1,2119.63,174.8,-2.81,96.61,2.91,1.71,1.3,2.42
0,167.06,-36.1,2119.63,174.8,-2.81,96.61,2.91,1.71,1.3,2.42
0,214.1,-106.43,2065.31,-20.95,17.61,-176.55,49.16,7.01,5.15,11.5
0,151.06,-151.66,2047.73,175.26,-0.54,97.52,2.34,1.53,1.0,2.32
0,151.06,-151.66,2047.73,175.26,-0.54,97.52,2.34,1.53,1.0,2.32
0,151.06,-151.66,2047.73,175.26,-0.54,97.52,2.34,1.53,1.0,2.32
0,151.22,-140.2,2051.3,-178.6,-1.04,98.08,0.9,0.95,0.65,1.23
0,151.22,-140.2,2051.3,-178.6,-1.04,98.08,0.9,0.95,0.65,1.23
0,213.15,-56.42,2076.6,-29.25,14.44,-178.75,46.99,6.85,5.08,11.26
0,213.15,-56.42,2076.6,-29.25,14.44,-178.75,46.99,6.85,5.08,11.26
0,213.15,-56.42,2076.6,-29.25,14.44,-178.75,46.99,6.85,5.08,11.26
0,213.15,-56.42,2076.6,-29.25,14.44,-178.75,46.99,6.85,5.08,11.26
0,213.15,-56.42,2076.6,-29.25,14.44,-178.75,46.99,6.85,5.08,11.26
0,213.15,-56.42,2076.6,-29.25,14.44,-178.75,46.99,6.85,5.08,11.26
0,150.68,-85.32,2043.95,165.44,-7.15,98.23,0.49,0.7,0.48,1.05
0,150.7,-79.39,2043.95,162.57,-7.16,98.69,0.07,0.27,0.21,0.41
0,150.7,-79.39,2043.95,162.57,-7.16,98.69,0.07,0.27,0.21,0.41
0,151.09,-76.67,2049.39,164.13,-4.77,98.77,0.74,0.86,0.58,1.14
0,151.09,-76.67,2049.39,164.13,-4.77,98.77,0.74,0.86,0.58,1.14
0,151.09,-76.67,2049.39,164.13,-4.77,98.77,0.74,0.86,0.58,1.14
0,151.0,-54.34,2040.24,159.91,-13.21,98.08,1.25,1.12,0.84,1.68
0,149.86,-50.11,2048.69,166.75,-7.63,97.31,0.6,0.78,0.53,1.13
0,149.86,-50.11,2048.69,166.75,-7.63,97.31,0.6,0.78,0.53,1.13
0,149.86,-50.11,2048.69,166.75,-7.63,97.31,0.6,0.78,0.53,1.13
0,149.86,-50.11,2048.69,166.75,-7.63,97.31,0.6,0.78,0.53,1.13
0,149.86,-50.11,2048.69,166.75,-7.63,97.31,0.6,0.78,0.53,1.13
0,150.2,-25.13,2053.51,171.64,1.44,97.57,0.71,0.84,0.61,1.25
0,149.63,-22.2,2057.78,175.37,1.05,97.12,1.5,1.23,0.96,2.0
0,149.63,-22.2,2057.78,175.37,1.05,97.12,1.5,1.23,0.96,2.0
0,149.63,-22.2,2057.78,175.37,1.05,97.12,1.5,1.23,0.96,2.0
0,149.63,-22.2,2057.78,175.37,1.05,97.12,1.5,1.23,0.96,2.0
0,149.63,-22.2,2057.78,175.37,1.05,97.12,1.5,1.23,0.96,2.0
0,149.94,5.89,2054.02,167.73,-6.97,98.07,1.85,1.36,0.92,2.11
0,149.94,8.87,2054.02,168.15,-3.96,98.04,1.45,1.2,0.89,1.93
0,149.94,8.87,2054.02,168.15,-3.96,98.04,1.45,1.2,0.89,1.93
0,149.94,8.87,2054.02,168.15,-3.96,98.04,1.45,1.2,0.89,1.93
0,149.33,16.23,2057.83,173.88,0.97,97.41,1.53,1.24,0.98,2.08
0,149.33,16.23,2057.83,173.88,0.97,97.41,1.53,1.24,0.98,2.08
0,147.32,40.17,2071.45,-172.67,6.68,95.71,0.19,0.43,0.25,0.48
0,148.29,43.02,2064.26,178.41,4.75,96.91,0.61,0.78,0.57,1.24
0,148.29,43.02,2064.26,178.41,4.75,96.91,0.61,0.78,0.57,1.24
0,148.29,43.02,2064.26,178.41,4.75,96.91,0.61,0.78,0.57,1.24
0,148.29,43.02,2064.26,178.41,4.75,96.91,0.61,0.78,0.57,1.24
0,148.29,45.96,2064.06,178.27,3.55,96.89,0.34,0.58,0.43,0.83
0,148.04,71.35,2068.96,178.41,5.02,96.38,0.57,0.76,0.59,1.19
0,147.44,74.5,2073.31,-178.18,1.86,95.87,1.24,1.12,0.84,1.62
0,147.44,74.5,2073.31,-178.18,1.86,95.87,1.24,1.12,0.84,1.62
0,147.44,74.5,2073.31,-178.18,1.86,95.87,1.24,1.12,0.84,1.62
0,147.44,74.5,2073.31,-178.18,1.86,95.87,1.24,1.12,0.84,1.62
0,147.44,74.5,2073.31,-178.18,1.86,95.87,1.24,1.12,0.84,1.62
0,147.98,98.11,2068.24,-178.98,-5.0,96.67,0.5,0.71,0.55,1.07
0,147.37,101.32,2072.58,-174.6,0.0,96.14,0.79,0.89,0.67,1.29
0,147.37,101.32,2072.58,-174.6,0.0,96.14,0.79,0.89,0.67,1.29
0,147.37,101.32,2072.58,-174.6,0.0,96.14,0.79,0.89,0.67,1.29
0,147.38,107.21,2072.18,-178.32,0.45,95.86,1.0,1.0,0.76,1.47
0,147.38,107.21,2072.18,-178.32,0.45,95.86,1.0,1.0,0.76,1.47
0,140.53,-49.97,2129.17,176.63,-12.73,95.72,10.37,3.22,2.68,5.55
0,140.53,-49.97,2129.17,176.63,-12.73,95.72,10.37,3.22,2.68,5.55
0,140.53,-49.97,2129.17,176.63,-12.73,95.72,10.37,3.22,2.68,5.55
0,140.53,-49.97,2129.17,176.63,-12.73,95.72,10.37,3.22,2.68,5.55
0,140.53,-49.97,2129.17,176.63,-12.73,95.72,10.37,3.22,2.68,5.55
0,140.53,-49.97,2129.17,176.63,-12.73,95.72,10.37,3.22,2.68,5.55
0,128.16,-162.66,2052.39,-175.97,9.43,96.85,1.35,1.16,0.85,1.84
0,128.46,-152.14,2050.91,-177.73,4.47,97.17,1.16,1.08,0.85,1.78
0,128.46,-152.14,2050.91,-177.73,4.47,97.17,1.16,1.08,0.85,1.78
0,128.46,-152.14,2050.91,-177.73,4.47,97.17,1.16,1.08,0.85,1.78
0,128.46,-152.14,2050.91,-177.73,4.47,97.17,1.16,1.08,0.85,1.78
0,128.46,-152.14,2050.91,-177.73,4.47,97.17,1.16,1.08,0.85,1.78
0,128.14,-120.94,2046.98,-174.92,-2.56,97.31,0.97,0.98,0.8,1.57
0,127.54,-116.73,2051.19,-178.56,-2.19,98.11,0.63,0.79,0.56,1.05
0,127.54,-116.73,2051.19,-178.56,-2.19,98.11,0.63,0.79,0.56,1.05
0,127.54,-116.73,2051.19,-178.56,-2.19,98.11,0.63,0.79,0.56,1.05
0,127.54,-116.73,2051.19,-178.56,-2.19,98.11,0.63,0.79,0.56,1.05
0,127.54,-116.73,2051.19,-178.56,-2.19,98.11,0.63,0.79,0.56,1.05
0,127.4,-78.33,2049.78,168.89,-1.14,98.27,1.59,1.26,0.82,1.88
0,127.4,-78.33,2049.78,168.89,-1.14,98.27,1.59,1.26,0.82,1.88
0,127.4,-78.33,2049.78,168.89,-1.14,98.27,1.59,1.26,0.82,1.88
0,127.4,-78.33,2049.78,168.89,-1.14,98.27,1.59,1.26,0.82,1.88
0,127.4,-78.33,2049.78,168.89,-1.14,98.27,1.59,1.26,0.82,1.88
0,127.4,-78.33,2049.78,168.89,-1.14,98.27,1.59,1.26,0.82,1.88
0,126.53,-50.38,2054.73,171.26,5.32,97.97,2.11,1.45,1.09,1.98
0,126.53,-50.38,2054.73,171.26,5.32,97.97,2.11,1.45,1.09,1.98
0,126.53,-50.38,2054.73,171.26,5.32,97.97,2.11,1.45,1.09,1.98
0,126.53,-50.38,2054.73,171.26,5.32,97.97,2.11,1.45,1.09,1.98
0,126.5,-45.97,2054.45,174.57,3.75,98.4,0.99,0.99,0.69,1.27
0,126.5,-45.97,2054.45,174.57,3.75,98.4,0.99,0.99,0.69,1.27
0,127.47,-19.29,2050.9,167.24,6.02,99.27,1.42,1.19,0.78,1.78
0,127.47,-19.29,2050.9,167.24,6.02,99.27,1.42,1.19,0.78,1.78
0,127.47,-19.29,2050.9,167.24,6.02,99.27,1.42,1.19,0.78,1.78
0,127.47,-19.29,2050.9,167.24,6.02,99.27,1.42,1.19,0.78,1.78
0,127.47,-19.29,2050.9,167.24,6.02,99.27,1.42,1.19,0.78,1.78
0,127.47,-19.29,2050.9,167.24,6.02,99.27,1.42,1.19,0.78,1.78
0,126.88,7.3,2055.76,167.56,0.3,99.06,0.98,0.99,0.69,1.5
0,127.51,10.26,2051.5,166.68,-5.33,99.1,1.45,1.21,0.81,1.83
0,127.51,10.26,2051.5,166.68,-5.33,99.1,1.45,1.21,0.81,1.83
0,188.92,67.07,2074.41,-23.19,10.5,-174.57,41.77,6.46,4.63,10.4
0,188.92,67.07,2074.41,-23.19,10.5,-174.57,41.77,6.46,4.63,10.4
0,188.92,67.07,2074.41,-23.19,10.5,-174.57,41.77,6.46,4.63,10.4
0,188.57,96.7,2070.72,-20.57,5.63,-173.41,49.41,7.03,5.08,11.4
0,188.57,96.7,2070.72,-20.57,5.63,-173.41,49.41,7.03,5.08,11.4
0,188.57,96.7,2070.72,-20.57,5.63,-173.41,49.41,7.03,5.08,11.4
0,126.33,47.15,2051.66,166.52,0.45,98.64,2.52,1.59,0.95,2.24
0,126.33,47.15,2051.66,166.52,0.45,98.64,2.52,1.59,0.95,2.24
0,126.33,47.15,2051.66,166.52,0.45,98.64,2.52,1.59,0.95,2.24
0,125.45,70.92,2056.51,170.66,0.38,97.59,2.74,1.66,1.23,2.63
0,123.95,74.27,2066.53,179.76,4.82,96.49,0.67,0.82,0.67,1.37
0,123.95,74.27,2066.53,179.76,4.82,96.49,0.67,0.82,0.67,1.37
0,123.95,74.27,2066.53,179.76,4.82,96.49,0.67,0.82,0.67,1.37
0,123.95,74.27,2066.53,179.76,4.82,96.49,0.67,0.82,0.67,1.37
0,124.38,77.11,2063.47,173.37,5.15,96.7,1.73,1.31,0.81,1.83
0,125.13,102.25,2061.31,178.31,-7.3,97.04,0.5,0.7,0.52,1.02
0,124.27,105.54,2067.06,-179.76,-1.96,96.96,0.58,0.76,0.59,1.15
0,124.27,105.54,2067.06,-179.76,-1.96,96.96,0.58,0.76,0.59,1.15
0,124.27,105.54,2067.06,-179.76,-1.96,96.96,0.58,0.76,0.59,1.15
0,124.27,105.54,2067.06,-179.76,-1.96,96.96,0.58,0.76,0.59,1.15
0,124.27,105.54,2067.06,-179.76,-1.96,96.96,0.58,0.76,0.59,1.15
0,127.73,70.48,2044.95,177.95,-1.66,96.22,1.05,1.02,0.78,1.61
0,115.95,-39.26,2127.16,174.37,0.05,96.59,6.05,2.46,2.03,3.94
0,115.95,-39.26,2127.16,174.37,0.05,96.59,6.05,2.46,2.03,3.94
0,115.95,-39.26,2127.16,174.37,0.05,96.59,6.05,2.46,2.03,3.94
0,115.95,-39.26,2127.16,174.37,0.05,96.59,6.05,2.46,2.03,3.94
0,115.95,-39.26,2127.16,174.37,0.05,96.59,6.05,2.46,2.03,3.94
0,104.29,-160.76,2043.78,174.95,-5.45,96.86,0.51,0.71,0.48,0.9
0,104.13,-153.45,2045.15,176.44,-4.13,96.51,0.97,0.98,0.76,1.37
0,104.13,-153.45,2045.15,176.44,-4.13,96.51,0.97,0.98,0.76,1.37
0,104.13,-153.45,2045.15,176.44,-4.13,96.51,0.97,0.98,0.76,1.37
0,104.13,-153.45,2045.15,176.44,-4.13,96.51,0.97,0.98,0.76,1.37
0,104.13,-153.45,2045.15,176.44,-4.13,96.51,0.97,0.98,0.76,1.37
0,104.61,-122.12,2038.43,170.62,-10.43,96.98,0.44,0.66,0.4,0.73
0,103.52,-118.1,2045.42,176.52,-2.94,96.13,0.75,0.86,0.55,1.18
0,103.52,-118.1,2045.42,176.52,-2.94,96.13,0.75,0.86,0.55,1.18
0,103.52,-118.1,2045.42,176.52,-2.94,96.13,0.75,0.86,0.55,1.18
0,103.52,-118.1,2045.42,176.52,-2.94,96.13,0.75,0.86,0.55,1.18
0,103.52,-110.82,2046.41,178.05,-1.62,96.03,0.58,0.76,0.43,0.99
0,104.13,-87.25,2047.02,177.41,-5.79,96.96,0.45,0.67,0.5,1.0
0,103.71,-81.43,2049.85,173.86,-2.77,97.7,0.46,0.68,0.54,1.07
0,103.71,-81.43,2049.85,173.86,-2.77,97.7,0.46,0.68,0.54,1.07
0,103.71,-81.43,2049.85,173.86,-2.77,97.7,0.46,0.68,0.54,1.07
0,103.71,-81.43,2049.85,173.86,-2.77,97.7,0.46,0.68,0.54,1.07
0,103.69,-78.49,2049.67,173.52,-5.39,97.71,0.63,0.79,0.52,0.95
0,103.65,-50.39,2048.87,174.35,1.36,97.67,0.81,0.9,0.72,1.49
0,103.65,-50.39,2048.87,174.35,1.36,97.67,0.81,0.9,0.72,1.49
0,103.65,-50.39,2048.87,174.35,1.36,97.67,0.81,0.9,0.72,1.49
0,103.65,-50.39,2048.87,174.35,1.36,97.67,0.81,0.9,0.72,1.49
0,103.63,-47.45,2048.68,174.35,1.36,97.66,0.82,0.9,0.72,1.5
0,103.63,-47.45,2048.68,174.35,1.36,97.66,0.82,0.9,0.72,1.5
0,103.6,-19.36,2047.98,163.96,-0.14,99.16,1.86,1.37,0.87,2.04
0,103.6,-19.36,2047.98,163.96,-0.14,99.16,1.86,1.37,0.87,2.04
0,103.6,-19.36,2047.98,163.96,-0.14,99.16,1.86,1.37,0.87,2.04
0,103.6,-19.36,2047.98,163.96,-0.14,99.16,1.86,1.37,0.87,2.04
0,103.6,-19.36,2047.98,163.96,-0.14,99.16,1.86,1.37,0.87,2.04
0,103.6,-19.36,2047.98,163.96,-0.14,99.16,1.86,1.37,0.87,2.04
0,103.71,4.26,2050.1,163.34,5.15,98.57,10.02,3.16,2.27,4.92
0,103.71,7.23,2050.1,163.74,5.53,98.41,12.75,3.57,2.57,5.52
0,103.71,7.23,2050.1,163.74,5.53,98.41,12.75,3.57,2.57,5.52
0,103.71,7.23,2050.1,163.74,5.53,98.41,12.75,3.57,2.57,5.52
0,103.71,7.23,2050.1,163.74,5.53,98.41,12.75,3.57,2.57,5.52
0,103.71,7.23,2050.1,163.74,5.53,98.41,12.75,3.57,2.57,5.52
0,102.83,36.77,2050.53,169.58,1.93,98.32,1.55,1.25,0.79,1.85
0,102.83,39.74,2050.53,172.67,-2.4,97.83,2.96,1.72,1.08,2.44
0,102.83,39.74,2050.53,172.67,-2.4,97.83,2.96,1.72,1.08,2.44
0,102.82,45.61,2050.16,172.69,-2.4,97.81,3.01,1.73,1.09,2.46
0,102.82,45.61,2050.16,172.69,-2.4,97.81,3.01,1.73,1.09,2.46
0,102.82,45.61,2050.16,172.69,-2.4,97.81,3.01,1.73,1.09,2.46
0,102.78,70.68,2049.35,163.89,-1.84,98.03,3.15,1.77,1.24,2.76
0,101.64,73.91,2056.45,168.91,-2.3,97.27,0.93,0.97,0.71,1.54
0,101.64,73.91,2056.45,168.91,-2.3,97.27,0.93,0.97,0.71,1.54
0,101.64,73.91,2056.45,168.91,-2.3,97.27,0.93,0.97,0.71,1.54
0,101.78,76.96,2059.1,172.19,4.06,97.46,3.33,1.82,1.15,2.66
0,101.78,76.96,2059.1,172.19,4.06,97.46,3.33,1.82,1.15,2.66
0,101.97,102.08,2056.97,171.31,5.74,97.63,0.98,0.99,0.74,1.6
0,101.95,105.06,2056.99,171.31,5.74,97.63,0.61,0.78,0.64,1.23
0,101.95,105.06,2056.99,171.31,5.74,97.63,0.61,0.78,0.64,1.23
0,101.95,105.06,2056.99,171.31,5.74,97.63,0.61,0.78,0.64,1.23
0,101.96,107.99,2056.79,174.48,1.49,97.86,0.22,0.47,0.37,0.75
0,101.96,107.99,2056.79,174.48,1.49,97.86,0.22,0.47,0.37,0.75
0,103.24,64.55,2041.28,170.26,-4.75,97.23,0.9,0.95,0.75,1.49
0,91.4,-45.1,2116.84,175.92,1.09,96.12,12.33,3.51,2.88,5.76
0,91.4,-45.1,2116.84,175.92,1.09,96.12,12.33,3.51,2.88,5.76
0,91.4,-45.1,2116.84,175.92,1.09,96.12,12.33,3.51,2.88,5.76
0,91.4,-45.1,2116.84,175.92,1.09,96.12,12.33,3.51,2.88,5.76
0,91.4,-45.1,2116.84,175.92,1.09,96.12,12.33,3.51,2.88,5.76
0,81.52,-160.95,2043.17,-179.87,4.91,96.63,1.1,1.05,0.79,1.64
0,80.62,-153.97,2048.76,-178.71,4.77,96.44,1.87,1.37,1.02,2.18
0,80.62,-153.97,2048.76,-178.71,4.77,96.44,1.87,1.37,1.02,2.18
0,80.62,-153.97,2048.76,-178.71,4.77,96.44,1.87,1.37,1.02,2.18
0,80.62,-153.97,2048.76,-178.71,4.77,96.44,1.87,1.37,1.02,2.18
0,80.62,-153.97,2048.76,-178.71,4.77,96.44,1.87,1.37,1.02,2.18
0,80.51,-122.88,2047.64,-176.13,-6.08,96.03,0.99,0.99,0.69,1.52
0,80.05,-118.6,2050.45,-176.97,-2.02,96.25,0.68,0.82,0.6,1.29
0,80.05,-118.6,2050.45,-176.97,-2.02,96.25,0.68,0.82,0.6,1.29
0,80.05,-118.6,2050.45,-176.97,-2.02,96.25,0.68,0.82,0.6,1.29
0,79.99,-111.2,2050.02,178.39,1.11,95.93,0.39,0.63,0.42,0.72
0,79.99,-111.2,2050.02,178.39,1.11,95.93,0.39,0.63,0.42,0.72
0,80.67,-85.85,2045.01,177.05,-9.6,97.05,0.62,0.79,0.58,1.25
0,79.97,-81.57,2049.23,177.32,-6.93,97.17,0.78,0.88,0.56,1.31
0,79.97,-81.57,2049.23,177.32,-6.93,97.17,0.78,0.88,0.56,1.31
0,79.97,-81.57,2049.23,177.32,-6.93,97.17,0.78,0.88,0.56,1.31
0,79.97,-81.57,2049.23,177.32,-6.93,97.17,0.78,0.88,0.56,1.31
0,79.95,-78.62,2049.05,177.32,-6.94,97.16,0.24,0.49,0.38,0.77
0,79.91,-54.95,2048.25,-174.38,-0.89,96.55,0.44,0.66,0.55,1.09
0,80.41,-50.43,2045.45,178.1,-0.29,97.9,0.97,0.98,0.67,1.57
0,80.41,-50.43,2045.45,178.1,-0.29,97.9,0.97,0.98,0.67,1.57
0,80.41,-50.43,2045.45,178.1,-0.29,97.9,0.97,0.98,0.67,1.57
0,80.41,-50.43,2045.45,178.1,-0.29,97.9,0.97,0.98,0.67,1.57
0,80.41,-50.43,2045.45,178.1,-0.29,97.9,0.97,0.98,0.67,1.57
0,79.9,-26.83,2047.65,165.63,-0.53,97.98,2.75,1.66,1.18,2.64
0,79.91,-23.87,2047.65,163.52,1.35,98.31,3.47,1.86,1.36,2.96
0,79.91,-23.87,2047.65,163.52,1.35,98.31,3.47,1.86,1.36,2.96
0,79.91,-23.87,2047.65,163.52,1.35,98.31,3.47,1.86,1.36,2.96
0,142.15,35.66,2070.23,-28.35,13.55,-178.18,48.52,6.97,5.13,11.4
0,142.15,35.66,2070.23,-28.35,13.55,-178.18,48.52,6.97,5.13,11.4
0,79.85,8.6,2046.5,172.56,-6.26,97.52,0.66,0.81,0.67,1.36
0,79.85,11.57,2046.51,167.69,-5.96,98.24,1.67,1.29,1.03,2.08
0,79.85,11.57,2046.51,167.69,-5.96,98.24,1.67,1.29,1.03,2.08
0,79.85,11.57,2046.51,167.69,-5.96,98.24,1.67,1.29,1.03,2.08
0,79.85,11.57,2046.51,167.69,-5.96,98.24,1.67,1.29,1.03,2.08
0,79.85,11.57,2046.51,167.69,-5.96,98.24,1.67,1.29,1.03,2.08
0,79.09,38.19,2049.84,167.38,-3.35,97.76,2.58,1.61,0.93,2.2
0,79.08,41.16,2049.86,167.38,-3.34,97.76,1.13,1.06,0.62,1.48
0,79.08,41.16,2049.86,167.38,-3.34,97.76,1.13,1.06,0.62,1.48
0,79.08,41.16,2049.86,167.38,-3.34,97.76,1.13,1.06,0.62,1.48
0,79.08,41.16,2049.86,167.38,-3.34,97.76,1.13,1.06,0.62,1.48
0,79.81,45.48,2045.35,169.01,-3.18,98.43,3.6,1.9,1.18,2.75
0,78.92,72.31,2053.04,166.5,-3.77,98.24,1.29,1.14,0.82,1.82
0,78.91,75.28,2053.05,164.94,1.65,98.54,1.77,1.33,0.81,1.54
0,78.91,75.28,2053.05,164.94,1.65,98.54,1.77,1.33,0.81,1.54
0,78.91,75.28,2053.05,164.94,1.65,98.54,1.77,1.33,0.81,1.54
0,78.91,75.28,2053.05,164.94,1.65,98.54,1.77,1.33,0.81,1.54
0,78.91,78.22,2052.86,163.64,-4.21,98.73,1.3,1.14,0.73,1.48
0,141.18,155.35,2078.08,-28.21,12.5,-175.28,37.88,6.15,4.65,10.26
0,78.14,105.07,2056.42,171.56,4.53,97.55,3.27,1.81,1.42,2.98
0,78.14,105.07,2056.42,171.56,4.53,97.55,3.27,1.81,1.42,2.98
0,78.15,108.01,2056.22,170.77,0.64,97.69,0.39,0.62,0.51,1.0
0,78.15,108.01,2056.22,170.77,0.64,97.69,0.39,0.62,0.51,1.0
0,78.15,108.01,2056.22,174.42,0.28,97.14,0.15,0.38,0.31,0.61
0,65.74,-45.21,2121.0,-172.98,-0.09,96.49,9.72,3.12,2.53,4.8
0,65.74,-45.21,2121.0,-172.98,-0.09,96.49,9.72,3.12,2.53,4.8
0,65.74,-45.21,2121.0,-172.98,-0.09,96.49,9.72,3.12,2.53,4.8
0,65.74,-45.21,2121.0,-172.98,-0.09,96.49,9.72,3.12,2.53,4.8
0,65.74,-45.21,2121.0,-172.98,-0.09,96.49,9.72,3.12,2.53,4.8
0,61.89,-150.58,2019.65,173.33,-12.27,96.61,0.45,0.67,0.52,1.07
0,56.77,-158.6,2047.39,-175.04,5.5,95.68,1.68,1.3,1.02,2.06
0,56.84,-149.7,2047.37,-175.8,-2.04,95.68,1.16,1.08,0.79,1.63
0,56.84,-149.7,2047.37,-175.8,-2.04,95.68,1.16,1.08,0.79,1.63
0,56.84,-149.7,2047.37,-175.8,-2.04,95.68,1.16,1.08,0.79,1.63
0,56.84,-149.7,2047.37,-175.8,-2.04,95.68,1.16,1.08,0.79,1.63
0,56.84,-149.7,2047.37,-175.8,-2.04,95.68,1.16,1.08,0.79,1.63
0,56.91,-123.28,2050.78,-171.88,-2.46,95.99,1.92,1.39,1.06,2.08
0,57.19,-118.74,2049.37,-177.63,2.2,97.07,0.34,0.58,0.43,0.8
0,57.19,-118.74,2049.37,-177.63,2.2,97.07,0.34,0.58,0.43,0.8
0,57.19,-118.74,2049.37,-177.63,2.2,97.07,0.34,0.58,0.43,0.8
0,57.19,-118.74,2049.37,-177.63,2.2,97.07,0.34,0.58,0.43,0.8
0,57.19,-118.74,2049.37,-177.63,2.2,97.07,0.34,0.58,0.43,0.8
0,56.75,-91.94,2045.56,174.93,0.41,96.32,2.61,1.61,1.19,2.48
0,56.26,-86.13,2048.36,177.83,6.54,96.23,0.9,0.95,0.57,1.33
0,56.26,-86.13,2048.36,177.83,6.54,96.23,0.9,0.95,0.57,1.33
0,56.26,-86.13,2048.36,177.83,6.54,96.23,0.9,0.95,0.57,1.33
0,56.22,-78.74,2047.93,-177.49,3.49,96.44,0.44,0.66,0.47,1.05
0,56.22,-78.74,2047.93,-177.49,3.49,96.44,0.44,0.66,0.47,1.05
0,56.97,-56.41,2043.02,178.19,-1.38,96.96,0.31,0.56,0.42,0.79
0,57.49,-51.9,2040.23,176.45,-5.25,97.22,0.75,0.86,0.71,1.39
0,57.49,-51.9,2040.23,176.45,-5.25,97.22,0.75,0.86,0.71,1.39
0,57.49,-51.9,2040.23,176.45,-5.25,97.22,0.75,0.86,0.71,1.39
0,57.49,-51.9,2040.23,176.45,-5.25,97.22,0.75,0.86,0.71,1.39
0,57.49,-51.9,2040.23,176.45,-5.25,97.22,0.75,0.86,0.71,1.39
0,56.77,-26.93,2046.48,179.76,1.3,97.0,1.17,1.08,0.7,1.29
0,57.03,-22.47,2045.09,174.6,0.47,98.05,1.89,1.37,0.89,2.01
0,57.03,-22.47,2045.09,174.6,0.47,98.05,1.89,1.37,0.89,2.01
0,57.03,-22.47,2045.09,174.6,0.47,98.05,1.89,1.37,0.89,2.01
0,57.03,-22.47,2045.09,174.6,0.47,98.05,1.89,1.37,0.89,2.01
0,57.03,-22.47,2045.09,174.6,0.47,98.05,1.89,1.37,0.89,2.01
0,56.23,4.12,2048.43,169.51,-0.44,98.83,0.42,0.65,0.53,1.09
0,56.23,7.08,2048.44,178.91,-5.49,97.04,0.32,0.57,0.41,0.78
0,56.23,7.08,2048.44,178.91,-5.49,97.04,0.32,0.57,0.41,0.78
0,56.23,7.08,2048.44,178.91,-5.49,97.04,0.32,0.57,0.41,0.78
0,56.23,7.08,2048.44,178.91,-5.49,97.04,0.32,0.57,0.41,0.78
0,56.23,7.08,2048.44,178.91,-5.49,97.04,0.32,0.57,0.41,0.78
0,56.63,36.54,2041.83,168.92,-10.93,98.44,0.9,0.95,0.64,1.25
0,56.12,45.43,2044.27,167.8,-13.19,97.71,0.39,0.63,0.48,0.9
0,56.12,45.43,2044.27,167.8,-13.19,97.71,0.58,0.76,0.57,1.24
0,56.12,45.43,2044.27,167.8,-13.19,97.71,0.58,0.76,0.57,1.24
0,56.12,45.43,2044.27,167.8,-13.19,97.71,0.58,0.76,0.57,1.24
0,56.12,45.43,2044.27,167.8,-13.19,97.71,0.6,0.77,0.66,1.33
0,55.32,69.17,2047.78,168.06,-4.2,97.54,1.96,1.4,1.01,2.1
0,56.08,71.99,2043.59,163.35,-4.89,98.24,6.77,2.6,1.9,3.98
0,56.08,71.99,2043.59,163.35,-4.89,98.24,6.77,2.6,1.9,3.98
0,56.08,71.99,2043.59,163.35,-4.89,98.24,6.77,2.6,1.9,3.98
0,56.08,71.99,2043.59,163.35,-4.89,98.24,6.77,2.6,1.9,3.98
0,56.08,71.99,2043.59,163.35,-4.89,98.24,6.77,2.6,1.9,3.98
0,55.22,99.13,2055.57,168.73,2.26,98.43,1.9,1.38,0.95,1.81
0,55.2,102.11,2055.59,168.16,-1.55,98.43,1.01,1.01,0.64,1.15
0,55.2,102.11,2055.59,168.16,-1.55,98.43,1.01,1.01,0.64,1.15
0,55.2,102.11,2055.59,168.16,-1.55,98.43,1.01,1.01,0.64,1.15
0,55.2,102.11,2055.59,168.16,-1.55,98.43,1.01,1.01,0.64,1.15
0,55.22,108.01,2055.2,168.18,-1.56,98.41,1.19,1.09,0.81,1.51
0,55.45,62.39,2019.94,162.56,-20.8,99.08,3.22,1.79,1.03,1.99
0,40.13,-46.37,2103.59,162.84,-17.29,98.62,12.63,3.55,2.97,5.73
0,40.13,-46.37,2103.59,162.84,-17.29,98.62,12.63,3.55,2.97,5.73
0,40.13,-46.37,2103.59,162.84,-17.29,98.62,12.63,3.55,2.97,5.73
0,38.03,-152.68,2025.0,169.19,3.41,98.56,0.97,0.99,0.8,1.53
0,38.03,-152.68,2025.0,169.19,3.41,98.56,0.97,0.99,0.8,1.53
0,32.97,-158.29,2040.05,-177.84,0.68,95.2,1.0,1.0,0.69,1.5
0,33.04,-149.41,2040.04,176.07,1.34,96.46,1.33,1.15,0.89,1.85
0,33.04,-149.41,2040.04,176.07,1.34,96.46,1.33,1.15,0.89,1.85
0,33.07,-142.41,2045.3,-173.63,13.94,96.84,2.62,1.62,1.1,2.24
0,33.07,-142.41,2045.3,-173.63,13.94,96.84,2.62,1.62,1.1,2.24
0,33.07,-142.41,2045.3,-173.63,13.94,96.84,2.62,1.62,1.1,2.24
0,33.89,-119.93,2040.51,177.42,1.37,97.23,0.12,0.35,0.29,0.56
0,33.09,-117.21,2044.7,-175.06,4.44,95.64,1.32,1.15,0.86,1.75
0,33.09,-117.21,2044.7,-175.06,4.44,95.64,1.32,1.15,0.86,1.75
0,33.09,-117.21,2044.7,-175.06,4.44,95.64,1.32,1.15,0.86,1.75
0,33.09,-117.21,2044.7,-175.06,4.44,95.64,1.32,1.15,0.86,1.75
0,33.09,-117.21,2044.7,-175.06,4.44,95.64,1.32,1.15,0.86,1.75
0,33.33,-89.02,2042.44,174.6,0.19,96.81,0.1,0.32,0.17,0.34
0,33.08,-84.64,2043.85,179.72,1.1,95.86,0.37,0.61,0.41,0.77
0,33.08,-84.64,2043.85,179.72,1.1,95.86,0.37,0.61,0.41,0.77
0,33.08,-84.64,2043.85,179.72,1.1,95.86,0.37,0.61,0.41,0.77
0,33.08,-84.64,2043.85,179.72,1.1,95.86,0.37,0.61,0.41,0.77
0,33.08,-84.64,2043.85,179.72,1.1,95.86,0.37,0.61,0.41,0.77
0,33.04,-60.97,2042.98,174.65,0.35,96.65,0.31,0.56,0.43,0.8
0,33.87,-54.94,2038.81,170.85,-8.9,97.35,0.87,0.93,0.65,1.21
0,33.87,-54.94,2038.81,170.85,-8.9,97.35,0.87,0.93,0.65,1.21
0,33.87,-54.94,2038.81,170.85,-8.9,97.35,0.87,0.93,0.65,1.21
0,33.87,-54.94,2038.81,170.85,-8.9,97.35,0.87,0.93,0.65,1.21
0,33.85,-47.57,2038.36,175.71,-10.69,97.5,0.63,0.79,0.54,1.04
0,33.09,-22.6,2046.03,174.15,-3.76,97.58,0.88,0.94,0.63,1.2
0,33.09,-19.64,2046.04,177.06,-1.25,96.95,0.63,0.79,0.55,1.13
0,33.09,-19.64,2046.04,177.06,-1.25,96.95,0.63,0.79,0.55,1.13
0,33.09,-19.64,2046.04,177.06,-1.25,96.95,0.63,0.79,0.55,1.13
0,33.06,-18.15,2044.53,178.75,-7.92,97.06,0.71,0.84,0.6,1.22
0,33.06,-18.15,2044.53,178.75,-7.92,97.06,0.71,0.84,0.6,1.22
0,33.33,6.98,2042.45,170.46,-3.32,97.96,1.06,1.03,0.62,1.45
0,32.5,9.96,2046.66,179.8,1.32,96.23,1.0,1.0,0.77,1.64
0,32.5,9.96,2046.66,179.8,1.32,96.23,1.0,1.0,0.77,1.64
0,32.5,9.96,2046.66,179.8,1.32,96.23,1.0,1.0,0.77,1.64
0,32.5,9.96,2046.66,179.8,1.32,96.23,1.0,1.0,0.77,1.64
0,32.5,9.96,2046.66,179.8,1.32,96.23,1.0,1.0,0.77,1.64
0,33.06,36.56,2044.51,169.48,-10.07,98.33,0.69,0.83,0.6,1.22
0,32.5,39.57,2047.33,171.82,-11.42,97.94,0.37,0.61,0.28,0.72
0,32.5,39.57,2047.33,171.82,-11.42,97.94,0.37,0.61,0.28,0.72
0,32.5,39.57,2047.33,171.82,-11.42,97.94,0.37,0.61,0.28,0.72
0,32.5,39.57,2047.33,171.82,-11.42,97.94,0.37,0.61,0.28,0.72
0,32.58,45.57,2051.24,172.4,-7.27,97.83,0.2,0.45,0.31,0.58
0,32.48,70.55,2044.74,171.51,-14.87,97.21,0.6,0.78,0.56,1.05
0,32.47,73.51,2044.76,175.83,-12.78,96.2,1.02,1.01,0.7,1.36
0,32.47,73.51,2044.76,175.83,-12.78,96.2,1.02,1.01,0.7,1.36
0,32.47,73.51,2044.76,175.83,-12.78,96.2,1.02,1.01,0.7,1.36
0,32.47,73.51,2044.76,175.83,-12.78,96.2,1.02,1.01,0.7,1.36
0,32.47,73.51,2044.76,175.83,-12.78,96.2,1.02,1.01,0.7,1.36
0,32.4,98.47,2041.25,158.26,-11.23,99.38,2.54,1.59,1.09,2.12
0,31.29,101.71,2046.87,166.55,-11.43,98.14,0.61,0.78,0.57,1.21
0,31.29,101.71,2046.87,166.55,-11.43,98.14,0.61,0.78,0.57,1.21
0,31.29,101.71,2046.87,166.55,-11.43,98.14,0.61,0.78,0.57,1.21
0,31.29,101.71,2046.87,166.55,-11.43,98.14,0.61,0.78,0.57,1.21
0,31.29,101.71,2046.87,166.55,-11.43,98.14,0.61,0.78,0.57,1.21
0,29.65,69.23,2049.87,-171.64,-1.13,96.53,0.4,0.63,0.5,1.02
0,15.91,-29.84,2121.45,-173.49,0.77,96.83,7.84,2.8,2.36,4.61
0,15.91,-29.84,2121.45,-173.49,0.77,96.83,7.84,2.8,2.36,4.61
0,15.91,-29.84,2121.45,-173.49,0.77,96.83,7.84,2.8,2.36,4.61
0,15.91,-29.84,2121.45,-173.49,0.77,96.83,7.84,2.8,2.36,4.61
0,14.57,-139.28,2018.41,178.75,1.3,97.17,0.92,0.96,0.75,1.57
0,10.83,-158.25,2036.62,-178.52,3.61,96.48,0.9,0.95,0.69,1.45
0,10.32,-149.6,2039.4,-178.25,6.1,96.53,1.07,1.03,0.77,1.63
0,10.32,-149.6,2039.4,-178.25,6.1,96.53,1.07,1.03,0.77,1.63
0,10.32,-149.6,2039.4,-178.25,6.1,96.53,1.07,1.03,0.77,1.63
0,10.28,-142.39,2041.82,179.64,10.23,96.73,1.3,1.14,0.87,1.73
0,10.28,-142.39,2041.82,179.64,10.23,96.73,1.3,1.14,0.87,1.73
0,10.56,-120.09,2039.74,178.83,11.69,96.72,1.84,1.36,1.03,2.25
0,10.29,-115.73,2041.14,179.68,9.14,96.43,1.43,1.2,0.92,1.99
0,10.29,-115.73,2041.14,179.68,9.14,96.43,1.43,1.2,0.92,1.99
0,10.29,-115.73,2041.14,179.68,9.14,96.43,1.43,1.2,0.92,1.99
0,10.28,-111.37,2042.3,-179.38,7.67,96.68,0.8,0.89,0.72,1.49
0,10.28,-111.37,2042.3,-179.38,7.67,96.68,0.8,0.89,0.72,1.49
0,9.68,-86.14,2040.14,178.77,2.61,95.96,0.24,0.49,0.27,0.66
0,10.56,-83.01,2035.98,175.6,6.67,96.76,3.89,1.97,1.17,2.73
0,10.56,-83.01,2035.98,175.6,6.67,96.76,3.89,1.97,1.17,2.73
0,10.55,-80.06,2035.81,-179.56,5.08,96.76,2.09,1.44,0.82,1.96
0,10.55,-80.06,2035.81,-179.56,5.08,96.76,2.09,1.44,0.82,1.96
0,10.55,-80.06,2035.81,-179.56,5.08,96.76,2.09,1.44,0.82,1.96
0,10.25,-57.97,2036.51,175.26,-7.57,97.38,0.88,0.94,0.64,1.27
0,9.4,-52.18,2040.7,-178.67,2.46,96.49,0.2,0.45,0.36,0.71
0,9.4,-52.18,2040.7,-178.67,2.46,96.49,0.2,0.45,0.36,0.71
0,9.4,-52.18,2040.7,-178.67,2.46,96.49,0.2,0.45,0.36,0.71
0,9.4,-52.18,2040.7,-178.67,2.46,96.49,0.2,0.45,0.36,0.71
0,9.41,-47.81,2043.28,178.58,1.33,96.62,0.13,0.36,0.21,0.43
0,10.29,-21.17,2042.7,175.52,-4.64,97.24,1.04,1.02,0.78,1.41
0,10.29,-21.17,2042.7,175.52,-4.64,97.24,1.04,1.02,0.78,1.41
0,10.29,-21.17,2042.7,175.52,-4.64,97.24,1.04,1.02,0.78,1.41
0,10.29,-21.17,2042.7,175.52,-4.64,97.24,1.04,1.02,0.78,1.41
0,10.27,-18.18,2038.25,173.61,-9.99,97.31,0.85,0.92,0.77,1.57
0,10.27,-18.18,2038.25,173.61,-9.99,97.31,0.85,0.92,0.77,1.57
0,9.41,6.92,2043.08,178.61,-9.34,96.71,0.42,0.65,0.49,0.94
0,8.83,11.37,2045.9,-179.65,-5.41,96.41,0.45,0.67,0.54,1.04
0,8.83,11.37,2045.9,-179.65,-5.41,96.41,0.45,0.67,0.54,1.04
0,8.83,11.37,2045.9,-179.65,-5.41,96.41,0.45,0.67,0.54,1.04
0,8.83,11.37,2045.9,-179.65,-5.41,96.41,0.45,0.67,0.54,1.04
0,8.83,11.37,2045.9,-179.65,-5.41,96.41,0.45,0.67,0.54,1.04
0,8.82,35.05,2045.22,175.76,-12.7,97.15,0.6,0.77,0.64,1.35
0,8.81,39.5,2045.25,176.16,-8.84,97.22,0.32,0.56,0.47,0.92
0,8.81,39.5,2045.25,176.16,-8.84,97.22,0.32,0.56,0.47,0.92
0,8.81,39.5,2045.25,176.16,-8.84,97.22,0.32,0.56,0.47,0.92
0,8.81,39.5,2045.25,176.16,-8.84,97.22,0.32,0.56,0.47,0.92
0,8.81,39.5,2045.25,176.16,-8.84,97.22,0.32,0.56,0.47,0.92
0,9.39,67.44,2040.07,173.04,-16.05,96.8,1.69,1.3,0.93,1.86
0,9.37,70.4,2040.09,171.14,-19.62,97.33,1.58,1.26,0.86,1.86
0,9.37,70.4,2040.09,171.14,-19.62,97.33,1.58,1.26,0.86,1.86
0,9.37,70.4,2040.09,171.14,-19.62,97.33,1.58,1.26,0.86,1.86
0,9.37,70.4,2040.09,171.14,-19.62,97.33,1.58,1.26,0.86,1.86
0,9.4,76.29,2039.71,166.2,-16.81,98.02,0.65,0.81,0.53,1.1
0,8.82,103.03,2043.15,164.01,-14.61,98.85,2.65,1.63,1.26,2.74
0,7.64,106.28,2048.78,174.24,-12.46,97.16,0.97,0.98,0.66,1.4
0,7.64,106.28,2048.78,174.24,-12.46,97.16,0.97,0.98,0.66,1.4
0,7.64,106.28,2048.78,174.24,-12.46,97.16,0.97,0.98,0.66,1.4
0,8.81,107.39,2041.66,167.43,-17.54,98.06,1.79,1.34,0.91,1.8
0,8.81,107.39,2041.66,167.43,-17.54,98.06,1.79,1.34,0.91,1.8
0,3.47,58.5,2036.99,-167.93,11.06,95.38,1.96,1.4,1.06,2.19
0,-9.96,-151.14,2017.35,170.95,-1.63,98.24,1.5,1.23,0.91,1.98
0,-9.96,-151.14,2017.35,170.95,-1.63,98.24,1.5,1.23,0.91,1.98
0,-9.96,-151.14,2017.35,170.95,-1.63,98.24,1.5,1.23,0.91,1.98
0,-9.96,-151.14,2017.35,170.95,-1.63,98.24,1.5,1.23,0.91,1.98
0,-9.96,-151.14,2017.35,170.95,-1.63,98.24,1.5,1.23,0.91,1.98
0,-11.79,-156.49,2029.85,175.02,0.45,97.99,0.37,0.61,0.39,0.76
0,-11.73,-147.67,2029.85,175.55,4.37,98.03,0.64,0.8,0.59,1.12
0,-11.73,-147.67,2029.85,175.55,4.37,98.03,0.64,0.8,0.59,1.12
0,-11.73,-147.67,2029.85,175.55,4.37,98.03,0.64,0.8,0.59,1.12
0,-11.73,-147.67,2029.85,175.55,4.37,98.03,0.64,0.8,0.59,1.12
0,-11.8,-140.47,2032.26,178.89,10.44,98.29,3.55,1.88,1.27,2.92
0,-13.02,-120.14,2037.12,-178.2,4.99,96.73,1.47,1.21,0.76,1.76
0,-14.21,-116.03,2042.69,-173.07,10.42,95.57,2.67,1.63,1.19,2.33
0,-14.21,-116.03,2042.69,-173.07,10.42,95.57,2.67,1.63,1.19,2.33
0,-14.21,-116.03,2042.69,-173.07,10.42,95.57,2.67,1.63,1.19,2.33
0,-14.21,-116.03,2042.69,-173.07,10.42,95.57,2.67,1.63,1.19,2.33
0,-14.21,-116.03,2042.69,-173.07,10.42,95.57,2.67,1.63,1.19,2.33
0,-13.31,-90.69,2039.18,-179.06,8.95,96.55,1.09,1.04,0.69,1.57
0,-12.99,-86.2,2037.81,179.32,5.37,96.78,0.43,0.66,0.45,0.9
0,-12.99,-86.2,2037.81,179.32,5.37,96.78,0.43,0.66,0.45,0.9
0,-12.99,-86.2,2037.81,179.32,5.37,96.78,0.43,0.66,0.45,0.9
0,-12.99,-86.2,2037.81,179.32,5.37,96.78,0.43,0.66,0.45,0.9
0,-12.99,-80.12,2033.2,175.01,0.59,96.75,0.1,0.32,0.26,0.48
0,-14.2,-58.15,2038.06,179.57,-2.53,95.57,0.9,0.95,0.75,1.55
0,-14.18,-52.24,2038.08,-179.8,3.81,95.72,0.73,0.85,0.61,1.29
0,-14.18,-52.24,2038.08,-179.8,3.81,95.72,0.73,0.85,0.61,1.29
0,-14.18,-52.24,2038.08,-179.8,3.81,95.72,0.73,0.85,0.61,1.29
0,-14.18,-52.24,2038.08,-179.8,3.81,95.72,0.73,0.85,0.61,1.29
0,-14.18,-52.24,2038.08,-179.8,3.81,95.72,0.73,0.85,0.61,1.29
0,-14.21,-28.66,2041.69,-174.39,-4.33,95.13,0.56,0.75,0.54,1.18
0,-13.3,-25.65,2037.54,178.22,-14.45,96.7,0.51,0.72,0.46,1.02
0,-13.3,-25.65,2037.54,178.22,-14.45,96.7,0.51,0.72,0.46,1.02
0,-13.3,-25.65,2037.54,178.22,-14.45,96.7,0.51,0.72,0.46,1.02
0,-13.3,-25.65,2037.54,178.22,-14.45,96.7,0.51,0.72,0.46,1.02
0,-13.29,-18.25,2035.66,173.96,-18.67,96.84,1.0,1.0,0.75,1.49
0,-14.23,5.38,2043.43,-178.43,-7.94,96.36,0.72,0.85,0.58,1.1
0,-13.93,9.81,2042.07,178.8,-10.34,96.95,0.68,0.83,0.47,0.89
0,-13.93,9.81,2042.07,178.8,-10.34,96.95,0.68,0.83,0.47,0.89
0,-13.93,9.81,2042.07,178.8,-10.34,96.95,0.68,0.83,0.47,0.89
0,-13.93,9.81,2042.07,178.8,-10.34,96.95,0.68,0.83,0.47,0.89
0,-13.93,9.81,2042.07,178.8,-10.34,96.95,0.68,0.83,0.47,0.89
0,-14.86,39.5,2046.95,-178.8,-10.54,96.62,0.89,0.94,0.53,1.04
0,-14.86,39.5,2046.95,-178.8,-10.54,96.62,0.89,0.94,0.53,1.04
0,-14.86,39.5,2046.95,-178.8,-10.54,96.62,0.89,0.94,0.53,1.04
0,-14.86,39.5,2046.95,-178.8,-10.54,96.62,0.89,0.94,0.53,1.04
0,-14.86,39.5,2046.95,-178.8,-10.54,96.62,0.89,0.94,0.53,1.04
0,-14.81,45.33,2042.28,175.73,-13.99,96.55,0.3,0.54,0.4,0.8
0,-14.21,76.37,2041.41,177.17,-11.58,96.76,0.48,0.69,0.51,0.94
0,-14.21,76.37,2041.41,177.17,-11.58,96.76,0.48,0.69,0.51,0.94
0,-14.21,76.37,2041.41,177.17,-11.58,96.76,0.48,0.69,0.51,0.94
0,-14.21,76.37,2041.41,177.17,-11.58,96.76,0.48,0.69,0.51,0.94
0,-14.21,76.37,2041.41,177.17,-11.58,96.76,0.48,0.69,0.51,0.94
0,-14.21,76.37,2041.41,177.17,-11.58,96.76,0.48,0.69,0.51,0.94
0,-14.82,100.13,2043.53,170.93,-20.59,97.58,2.56,1.6,0.9,2.08
0,-13.91,107.3,2039.2,164.84,-16.25,98.5,0.77,0.88,0.6,1.24
0,-13.91,107.3,2039.2,164.84,-16.25,98.5,0.77,0.88,0.6,1.24
0,-13.91,107.3,2039.2,164.84,-16.25,98.5,0.77,0.88,0.6,1.24
0,-13.91,107.3,2039.2,164.84,-16.25,98.5,0.77,0.88,0.6,1.24
0,-13.91,107.3,2039.2,164.84,-16.25,98.5,0.77,0.88,0.6,1.24
0,-19.72,58.36,2032.59,172.92,-5.12,97.16,0.67,0.82,0.58,1.29
0,-34.44,-46.29,2099.61,164.2,-0.5,98.86,8.5,2.91,2.3,4.66
0,-34.44,-46.29,2099.61,164.2,-0.5,98.86,8.5,2.91,2.3,4.66
0,-34.44,-46.29,2099.61,164.2,-0.5,98.86,8.5,2.91,2.3,4.66
0,-35.21,-160.93,2026.9,173.07,3.58,97.39,0.4,0.63,0.49,0.98
0,-35.21,-160.93,2026.9,173.07,3.58,97.39,0.4,0.63,0.49,0.98
0,-36.19,-156.81,2030.77,-178.48,2.32,96.57,0.72,0.85,0.63,1.34
0,-36.45,-149.55,2032.16,-179.58,3.68,96.74,0.76,0.87,0.54,1.18
0,-36.45,-149.55,2032.16,-179.58,3.68,96.74,0.76,0.87,0.54,1.18
0,-36.45,-149.55,2032.16,-179.58,3.68,96.74,0.76,0.87,0.54,1.18
0,-36.45,-149.55,2032.16,-179.58,3.68,96.74,0.76,0.87,0.54,1.18
0,-36.45,-149.55,2032.16,-179.58,3.68,96.74,0.76,0.87,0.54,1.18
0,-37.47,-123.37,2038.32,-178.31,4.95,96.08,1.46,1.21,0.87,1.98
0,-36.81,-118.78,2035.56,178.97,2.72,96.66,0.71,0.85,0.62,1.36
0,-36.81,-118.78,2035.56,178.97,2.72,96.66,0.71,0.85,0.62,1.36
0,-36.81,-118.78,2035.56,178.97,2.72,96.66,0.71,0.85,0.62,1.36
0,-36.78,-112.69,2032.37,176.63,1.79,96.4,0.91,0.95,0.72,1.5
0,-36.78,-112.69,2032.37,176.63,1.79,96.4,0.91,0.95,0.72,1.5
0,-36.52,-83.28,2034.53,-177.28,2.58,95.9,0.99,0.99,0.66,1.42
0,-36.52,-83.28,2034.53,-177.28,2.58,95.9,0.99,0.99,0.66,1.42
0,-36.52,-83.28,2034.53,-177.28,2.58,95.9,0.99,0.99,0.66,1.42
0,-36.52,-83.28,2034.53,-177.28,2.58,95.9,0.99,0.99,0.66,1.42
0,-36.52,-83.28,2034.53,-177.28,2.58,95.9,0.99,0.99,0.66,1.42
0,-36.52,-83.28,2034.53,-177.28,2.58,95.9,0.99,0.99,0.66,1.42
0,-36.51,-59.64,2033.87,170.74,3.81,97.86,0.75,0.86,0.61,1.19
0,-37.78,-55.37,2039.42,-179.04,10.19,95.94,1.53,1.24,0.83,1.87
0,-37.78,-55.37,2039.42,-179.04,10.19,95.94,1.53,1.24,0.83,1.87
0,-37.78,-55.37,2039.42,-179.04,10.19,95.94,1.53,1.24,0.83,1.87
0,-37.78,-55.37,2039.42,-179.04,10.19,95.94,1.53,1.24,0.83,1.87
0,-37.78,-55.37,2039.42,-179.04,10.19,95.94,1.53,1.24,0.83,1.87
0,-37.77,-28.72,2038.58,-177.45,2.33,95.14,1.27,1.13,0.86,1.75
0,-36.81,-25.71,2034.45,171.57,-8.09,97.41,0.18,0.43,0.22,0.43
0,-36.81,-25.71,2034.45,171.57,-8.09,97.41,0.18,0.43,0.22,0.43
0,-36.81,-25.71,2034.45,171.57,-8.09,97.41,0.18,0.43,0.22,0.43
0,-36.81,-25.71,2034.45,171.57,-8.09,97.41,0.18,0.43,0.22,0.43
0,-36.81,-25.71,2034.45,171.57,-8.09,97.41,0.18,0.43,0.22,0.43
0,-36.78,2.33,2032.1,170.56,-15.85,97.6,0.45,0.67,0.55,1.1
0,-37.74,5.28,2036.26,174.48,-5.66,96.69,1.26,1.12,0.69,1.31
0,-37.74,5.28,2036.26,174.48,-5.66,96.69,1.26,1.12,0.69,1.31
0,-37.74,5.28,2036.26,174.48,-5.66,96.69,1.26,1.12,0.69,1.31
0,-37.74,5.28,2036.26,174.48,-5.66,96.69,1.26,1.12,0.69,1.31
0,-37.74,5.28,2036.26,174.48,-5.66,96.69,1.26,1.12,0.69,1.31
0,-38.39,34.89,2039.53,177.32,-11.33,96.51,0.65,0.8,0.64,1.32
0,-38.4,39.32,2039.56,177.26,-11.37,96.67,1.18,1.09,0.79,1.65
0,-38.4,39.32,2039.56,177.26,-11.37,96.67,1.18,1.09,0.79,1.65
0,-38.4,39.32,2039.56,177.26,-11.37,96.67,1.18,1.09,0.79,1.65
0,-38.4,39.32,2039.56,177.26,-11.37,96.67,1.18,1.09,0.79,1.65
0,-38.4,39.32,2039.56,177.26,-11.37,96.67,1.18,1.09,0.79,1.65
0,-37.82,65.97,2040.23,173.68,-17.29,98.26,1.58,1.26,0.94,1.78
0,-37.83,68.93,2040.25,179.37,-15.45,96.87,0.43,0.65,0.45,0.89
0,-37.83,68.93,2040.25,179.37,-15.45,96.87,0.43,0.65,0.45,0.89
0,-37.83,68.93,2040.25,179.37,-15.45,96.87,0.43,0.65,0.45,0.89
0,-37.83,68.93,2040.25,179.37,-15.45,96.87,0.43,0.65,0.45,0.89
0,-37.83,68.93,2040.25,179.37,-15.45,96.87,0.43,0.65,0.45,0.89
0,-37.56,109.05,2043.19,174.79,-16.66,98.97,2.61,1.62,1.09,2.22
0,-37.56,109.05,2043.19,174.79,-16.66,98.97,2.61,1.62,1.09,2.22
0,-37.56,109.05,2043.19,174.79,-16.66,98.97,2.61,1.62,1.09,2.22
0,-37.56,109.05,2043.19,174.79,-16.66,98.97,2.61,1.62,1.09,2.22
0,-37.56,109.05,2043.19,174.79,-16.66,98.97,2.61,1.62,1.09,2.22
0,-37.56,109.05,2043.19,174.79,-16.66,98.97,2.61,1.62,1.09,2.22
